526540,Rochester,Monroe,Rochester,NY,14624,Northeast,471-57-0359,212-884-7146
859327,Luverne,Crenshaw,Luverne,AL,36049,South,624-85-4146,205-665-7020
887387,Hodges,Franklin,Hodges,AL,35571,South,097-02-3315,205-959-7879
779497,Savoy,Champaign,Savoy,IL,61874,Midwest,134-98-6566,217-858-0054
896517,Stet,Carroll,Stet,MO,64680,Midwest,599-92-7345,314-893-2590
220965,Lyons,Toombs,Lyons,GA,30436,South,109-98-3095,229-238-0915
721091,Kalida,Putnam,Kalida,OH,45853,Midwest,047-15-8435,216-849-6986
633636,Hamilton,Jefferson,Hamilton,PA,15744,Northeast,257-99-3865,215-614-1953
823898,Panama,Shelby,Panama,IA,51562,Midwest,044-15-4027,319-943-1308
413865,Young America,Carver,Young America,MN,55558,Midwest,553-99-2106,218-671-2547
439483,Bear Creek,Outagamie,Bear Creek,WI,54922,Midwest,264-99-9423,262-893-5324
809408,Harleysville,Montgomery,Harleysville,PA,19441,Northeast,119-98-1796,215-821-4109
748190,Reddick,Kankakee,Reddick,IL,60961,Midwest,116-98-6696,217-567-3339
397283,Kreamer,Snyder,Kreamer,PA,17833,Northeast,192-86-7823,215-352-5080
553684,Sublette,Haskell,Sublette,KS,67877,Midwest,032-92-6090,316-737-9183
495667,Mesa,Maricopa,Mesa,AZ,85207,West,731-28-8642,480-381-5936
936158,Brockway,Jefferson,Brockway,PA,15824,Northeast,126-98-9929,215-824-1223
537591,Atlanta,Fulton,Atlanta,GA,30371,South,369-39-1426,229-497-4180
909018,Washington,District of Columbia,Washington,DC,20242,South,005-13-9026,202-652-7351
878666,Lake Itasca,Lake Itasca,Lake Itasca,MN,56460,Midwest,540-83-9723,218-621-9347
995710,Montpelier,Blackford,Montpelier,IN,47359,Midwest,403-73-1584,219-797-9997
511059,Jeddo,St. Clair,Jeddo,MI,48032,Midwest,210-84-3620,231-445-8008
754455,Dallas,Barron,Dallas,WI,54733,Midwest,753-07-4603,262-835-1119
489275,Reedley,Fresno,Reedley,CA,93654,West,704-18-2387,209-293-8759
500905,Brandon,Hillsborough,Brandon,FL,33511,South,008-94-7794,239-294-7204
984409,Hallsville,Ross,Hallsville,OH,45633,Midwest,444-27-9644,216-961-7231
812053,Belvidere,Boone,Belvidere,IL,61008,Midwest,385-37-9974,217-304-4274
550206,Dallas,Dallas,Dallas,TX,75363,South,556-99-1014,210-374-1084
728053,Berwick,Warren,Berwick,IL,61417,Midwest,548-99-7981,217-348-2881
184257,Vienna,Fairfax,Vienna,VA,22184,South,344-11-4272,236-433-5011
235295,Lakewood,Cuyahoga,Lakewood,OH,44107,Midwest,031-92-8075,216-407-3106
767674,Crockett,Wythe,Crockett,VA,24323,South,636-31-2014,236-666-5736
391837,Genesee Depot,Waukesha,Genesee Depot,WI,53127,Midwest,109-98-9846,262-617-9565
466560,Shasta Lake,Shasta,Shasta Lake,CA,96019,West,019-94-6803,209-877-7013
900756,Lookout Mountain,Walker,Lookout Mountain,GA,30750,South,607-87-2621,229-413-6404
678628,Sesser,Franklin,Sesser,IL,62884,Midwest,430-99-8830,217-297-4629
492527,Sterling Heights,Macomb,Sterling Heights,MI,48312,Midwest,042-15-4369,231-885-2299
886060,Hood,Madison,Hood,VA,22723,South,399-31-6070,236-832-1401
366431,Oktaha,Muskogee,Oktaha,OK,74450,South,693-16-3108,405-620-5457
331297,Briar,Ripley,Briar,MO,63931,Midwest,625-85-6937,314-817-2178
496541,Orefield,Lehigh,Orefield,PA,18069,Northeast,466-99-0813,215-259-8618
654617,Wells,Wells,Wells,KS,67488,Midwest,218-89-5439,316-362-8838
163409,Bartlett,Cook,Bartlett,IL,60103,Midwest,235-57-9815,217-846-4054
299088,Eldersville,Washington,Eldersville,PA,15036,Northeast,073-02-8837,215-403-5296
961442,Reelsville,Putnam,Reelsville,IN,46171,Midwest,235-57-1721,219-474-8565
155097,Perry Park,Owen,Perry Park,KY,40363,South,553-99-7803,270-256-2491
976422,Ventura,Ventura,Ventura,CA,93003,West,594-99-8803,209-739-8484
138911,Hershey,Dauphin,Hershey,PA,17033,Northeast,366-39-9069,215-359-3397
160938,Aberdeen,Brown,Aberdeen,SD,57401,Midwest,763-12-7919,605-487-4676
399707,Hawley,Clay,Hawley,MN,56549,Midwest,285-15-0592,218-530-8020
713294,Redondo,King,Redondo,WA,98054,West,729-28-6911,206-468-7536
627298,Godeffroy,Orange,Godeffroy,NY,12739,Northeast,512-33-9199,212-483-9629
709884,Donnybrook,Ward,Donnybrook,ND,58734,Midwest,609-87-3514,701-819-7127
932773,Portland,Chautauqua,Portland,NY,14769,Northeast,626-85-0761,212-335-3305
796605,Ripplemead,Giles,Ripplemead,VA,24150,South,250-99-6761,236-425-5880
885395,San Diego,San Diego,San Diego,CA,92126,West,714-18-2827,209-247-2504
411503,Annandale,Fairfax,Annandale,VA,22003,South,234-57-0893,236-780-5288
622405,Dallas,Dallas,Dallas,TX,75224,South,592-99-9799,210-998-7839
233136,Orofino,Clearwater,Orofino,ID,83544,West,149-23-1759,208-571-4789
170637,Mobile,Mobile,Mobile,AL,36685,South,133-98-0581,205-492-3826
215719,Lowell,Marion,Lowell,FL,32663,South,258-99-5725,239-728-0228
452163,Canton,Stark,Canton,OH,44750,Midwest,032-92-8729,216-500-3888
572204,Niverville,Columbia,Niverville,NY,12130,Northeast,546-99-1086,212-678-8854
779517,Davenport,Polk,Davenport,FL,33836,South,622-85-5122,239-814-5354
844157,Mount Eaton,Wayne,Mount Eaton,OH,44659,Midwest,104-02-1961,216-690-4327
312726,Cleveland,Cuyahoga,Cleveland,OH,44178,Midwest,368-39-3103,216-897-4459
419549,Fort Fairfield,Aroostook,Fort Fairfield,ME,4742,Northeast,698-16-4709,207-532-1710
505927,Little Rock,Pulaski,Little Rock,AR,72231,South,728-14-6144,479-931-1345
526254,Union City,Fulton,Union City,GA,30291,South,171-86-6831,229-215-2471
460226,Clemson,Pickens,Clemson,SC,29631,South,086-02-8001,803-570-5060
840113,Lee,Penobscot,Lee,ME,4455,Northeast,494-29-8376,207-947-9487
432820,Torbert,Pointe Coupee,Torbert,LA,70781,South,183-86-5370,225-988-8557
957596,Powderhorn,Gunnison,Powderhorn,CO,81243,West,393-33-5849,303-480-2041
530134,Garvin,McCurtain,Garvin,OK,74736,South,772-02-3040,405-928-3699
316372,Laquey,Pulaski,Laquey,MO,65534,Midwest,450-99-8615,314-361-0820
501658,Goehner,Seward,Goehner,NE,68364,Midwest,684-24-1555,308-954-6249
147133,Dearing,McDuffie,Dearing,GA,30808,South,194-86-7809,229-783-2920
551149,San Diego,San Diego,San Diego,CA,92175,West,229-99-7364,209-400-0883
595558,Coahoma,Howard,Coahoma,TX,79511,South,216-89-7736,210-936-6841
637407,Saint Petersburg,Pinellas,Saint Petersburg,FL,33734,South,608-87-5484,239-723-6178
597741,Springtown,Bucks,Springtown,PA,18081,Northeast,019-94-9784,215-652-7491
403534,Attleboro Falls,Bristol,Attleboro Falls,MA,2763,Northeast,224-99-4650,339-645-9620
314661,Silver Creek,Wright,Silver Creek,MN,55380,Midwest,094-02-8828,218-660-1183
317987,Bassett,Kenosha,Bassett,WI,53101,Midwest,279-15-4975,262-613-2602
820109,Washington,Washington,Washington,PA,15301,Northeast,564-99-2134,215-235-0637
388558,Custer,Yellowstone,Custer,MT,59024,West,251-99-8106,406-343-5419
403207,White Plains,Surry,White Plains,NC,27031,South,237-99-0766,252-347-9978
143711,Walkerton,St. Joseph,Walkerton,IN,46574,Midwest,480-41-9877,219-271-2278
402180,Washington,District of Columbia,Washington,DC,20380,South,526-99-3494,202-909-9740
242388,Fairmount,Grant,Fairmount,IN,46928,Midwest,657-36-5472,219-802-6287
819367,Velpen,Pike,Velpen,IN,47590,Midwest,713-18-3200,219-233-1861
962291,Toledo,Tama,Toledo,IA,52342,Midwest,172-86-7071,319-963-4464
856379,Madison,Dane,Madison,WI,53718,Midwest,375-37-5783,262-874-4684
149972,Eldorado,Saline,Eldorado,IL,62930,Midwest,345-11-4018,217-352-2731
174955,Saranac Lake,Franklin,Saranac Lake,NY,12983,Northeast,695-16-1567,212-683-7962
549389,Pearl,Rankin,Pearl,MS,39288,South,271-17-5467,228-485-0919
466832,Salina,Saline,Salina,KS,67402,Midwest,074-02-9202,316-256-7851
203380,Welchs Creek,Butler,Welchs Creek,KY,42287,South,552-99-5545,270-750-7760
915991,Mine Run,Mine Run,Mine Run,VA,22568,South,763-12-2082,236-584-1916
289172,Salem,Salem,Salem,OR,97317,West,637-29-1007,503-456-5899
914365,Holmes Beach,Manatee,Holmes Beach,FL,34218,South,610-87-7233,239-704-4125
971242,Hollywood,Broward,Hollywood,FL,33025,South,316-35-1388,239-779-6881
503248,Annville,Lebanon,Annville,PA,17003,Northeast,581-99-6741,215-648-9854
521540,Sturgis,Oktibbeha,Sturgis,MS,39769,South,059-02-1664,228-619-6163
790395,Athens,Fulton,Athens,IN,46912,Midwest,210-84-1639,219-794-0888
734861,Greencastle,Franklin,Greencastle,PA,17225,Northeast,266-99-7408,215-745-8103
592815,Winterset,Madison,Winterset,IA,50273,Midwest,521-99-8324,319-314-0412
556008,Buffalo,Erie,Buffalo,NY,14272,Northeast,057-02-2445,212-845-0969
888597,Bostwick,Morgan,Bostwick,GA,30623,South,372-37-7461,229-527-8021
946550,Brea,Orange,Brea,CA,92821,West,342-11-9004,209-678-1933
438869,Chester Springs,Chester,Chester Springs,PA,19425,Northeast,038-74-5390,215-845-4719
685600,Clearview,Clearview,Clearview,OK,74835,South,319-11-0384,405-226-2075
829901,Rock Spring,Walker,Rock Spring,GA,30739,South,595-99-8027,229-527-7910
354626,Trona,San Bernardino,Trona,CA,93562,West,553-99-6101,209-737-1379
296454,Sterling,Sterling,Sterling,VA,22170,South,752-09-7279,236-328-6409
867400,Creswell,Washington,Creswell,NC,27928,South,232-57-9549,252-683-3737
354161,Casanova,Casanova,Casanova,VA,22017,South,641-29-9943,236-646-5436
906193,Ames,Dodge,Ames,NE,68621,Midwest,225-99-8157,308-303-1948
602041,South Lake Tahoe,El Dorado,South Lake Tahoe,CA,96152,West,327-11-9115,209-277-1616
514224,Richardson,Dallas,Richardson,TX,75080,South,383-37-6040,210-859-2715
834046,Portland,Multnomah,Portland,OR,97233,West,526-99-8096,503-959-7981
538803,Hancock,Addison,Hancock,VT,5748,Northeast,275-17-9161,802-982-1649
487412,Wardsboro,Windham,Wardsboro,VT,5355,Northeast,200-84-6800,802-929-8971
286281,North Newton,Harvey,North Newton,KS,67117,Midwest,297-15-2986,316-723-8265
788924,Lelia Lake,Donley,Lelia Lake,TX,79240,South,517-49-0656,210-766-5431
416576,South Beach,Lincoln,South Beach,OR,97366,West,158-23-2636,503-706-0989
960215,Lowndesville,Abbeville,Lowndesville,SC,29659,South,087-02-2019,803-947-9609
549513,Wichita,Sedgwick,Wichita,KS,67217,Midwest,712-18-5548,316-271-2147
509864,Midkiff,Lincoln,Midkiff,WV,25540,South,410-99-4072,304-792-0166
832966,Dallas,Dallas,Dallas,TX,75210,South,177-86-6630,210-631-2976
306746,Adkins,Bexar,Adkins,TX,78101,South,378-37-7236,210-219-7162
945031,Highland,Doniphan,Highland,KS,66035,Midwest,539-71-5918,316-420-8616
684637,San Jose,Santa Clara,San Jose,CA,95196,West,234-57-8075,209-788-7068
891328,Tonasket,Okanogan,Tonasket,WA,98855,West,696-16-8728,206-240-3118
383614,Richmond,Contra Costa,Richmond,CA,94850,West,577-53-0701,209-357-7761
180789,Amarillo,Potter,Amarillo,TX,79103,South,644-29-8319,210-915-4433
356050,Monterey Park,Los Angeles,Monterey Park,CA,91756,West,290-15-0680,209-729-3523
185465,Meridian,Lauderdale,Meridian,MS,39305,South,640-29-1045,228-838-9422
687184,Pelzer,Anderson,Pelzer,SC,29669,South,078-02-1441,803-501-0042
489916,Barnes City,Mahaska,Barnes City,IA,50027,Midwest,090-02-4009,319-725-8852
435833,Cook Springs,St. Clair,Cook Springs,AL,35052,South,387-33-3179,205-216-9412
702411,West Charleston,Orleans,West Charleston,VT,5872,Northeast,516-49-5225,802-758-2397
645244,Clayton,Norton,Clayton,KS,67629,Midwest,421-67-4265,316-413-5135
755710,Munfordville,Hart,Munfordville,KY,42765,South,639-29-6270,270-744-3635
329638,Mountain View,Kiowa,Mountain View,OK,73062,South,588-09-5147,405-474-7118
947428,Alexandria,Fairfax,Alexandria,VA,22321,South,141-23-7445,236-757-5051
353117,Harris,Rutherford,Harris,NC,28074,South,010-94-4764,252-580-6674
525537,Waterloo,DeKalb,Waterloo,IN,46793,Midwest,761-12-5423,219-292-3037
117598,Garden City,Glasscock,Garden City,TX,79739,South,464-99-9442,210-553-1524
957898,Mc Andrews,Pike,Mc Andrews,KY,41543,South,172-86-3413,270-515-2891
643106,Clearwater,Pinellas,Clearwater,FL,33758,South,144-23-4311,239-915-0793
691376,Boerne,Bexar,Boerne,TX,78015,South,040-15-3814,210-412-3816
290435,New Lisbon,Juneau,New Lisbon,WI,53950,Midwest,595-99-7201,262-530-0013
428318,South Bend,St. Joseph,South Bend,IN,46612,Midwest,562-99-3370,219-639-3924
709493,Waukee,Dallas,Waukee,IA,50263,Midwest,490-29-5058,319-957-6122
837051,Haxtun,Phillips,Haxtun,CO,80731,West,138-25-0825,303-473-5231
818907,Milesburg,Centre,Milesburg,PA,16853,Northeast,314-35-2843,215-603-2466
613084,Magee,Simpson,Magee,MS,39111,South,605-87-7083,228-862-8659
400205,Golden Gate,Wayne,Golden Gate,IL,62843,Midwest,620-85-4941,217-968-3796
363221,Meadowview,Washington,Meadowview,VA,24361,South,062-02-7865,236-271-9039
445473,Farmingdale,Nassau,Farmingdale,NY,11774,Northeast,719-18-9067,212-599-1268
229262,Dunreith,Henry,Dunreith,IN,47337,Midwest,389-33-8857,219-439-0105
952927,Denver,Denver,Denver,CO,80239,West,716-18-2675,303-637-7446
723502,Jal,Lea,Jal,NM,88252,West,051-02-3378,505-823-9498
642626,Mount Tremper,Ulster,Mount Tremper,NY,12457,Northeast,159-86-1857,212-268-1302
470485,Glendon,Glendon,Glendon,NC,27251,South,104-02-2525,252-753-3767
620100,Sandgap,Jackson,Sandgap,KY,40481,South,106-98-2757,270-875-3208
771679,Ravensdale,King,Ravensdale,WA,98051,West,040-15-7836,206-375-3366
904561,Springboro,Crawford,Springboro,PA,16435,Northeast,257-99-5473,215-385-9948
465279,Manton,Wexford,Manton,MI,49663,Midwest,769-02-6448,231-409-7655
293923,Amanda Park,Grays Harbor,Amanda Park,WA,98526,West,255-99-0466,206-821-9711
331158,Canoga Park,Los Angeles,Canoga Park,CA,91305,West,394-33-8746,209-794-9900
483286,Nova,Ashland,Nova,OH,44859,Midwest,618-87-7460,216-551-7092
957621,Scaly Mountain,Macon,Scaly Mountain,NC,28775,South,375-37-8525,252-440-2276
464683,Jackson,Hinds,Jackson,MS,39232,South,252-99-6860,228-338-8091
431073,Miami,Miami-Dade,Miami,FL,33156,South,437-99-5643,239-676-0860
346953,Mio,Oscoda,Mio,MI,48647,Midwest,377-37-3644,231-491-5115
209718,Cheyenne,Laramie,Cheyenne,WY,82010,West,128-98-1181,307-703-0638
179094,Milburn,Johnston,Milburn,OK,73450,South,563-99-3781,405-614-1979
209065,Philadelphia,Philadelphia,Philadelphia,PA,19193,Northeast,685-24-5095,215-240-0501
915973,Monterey,Berkshire,Monterey,MA,1245,Northeast,406-73-3131,339-756-8900
793674,Gilbert,Searcy,Gilbert,AR,72636,South,459-99-6374,479-978-8247
665291,Wesson,Copiah,Wesson,MS,39191,South,049-15-8851,228-862-7508
258503,Taunton,Lyon,Taunton,MN,56291,Midwest,585-99-5699,218-729-5582
910235,San Francisco,San Francisco,San Francisco,CA,94126,West,363-39-3308,209-521-5832
605376,Hunter,Garfield,Hunter,OK,74640,South,399-31-0595,405-673-3114
291167,Pismo Beach,San Luis Obispo,Pismo Beach,CA,93448,West,457-99-0475,209-419-3311
864600,Eugene,Lane,Eugene,OR,97405,West,062-02-3087,503-213-5361
862997,Des Moines,Polk,Des Moines,IA,50339,Midwest,133-98-4844,319-386-5790
989496,Livermore,Alameda,Livermore,CA,94550,West,543-81-9861,209-620-5745
411593,Harwood,Anne Arundel,Harwood,MD,20776,South,401-73-2834,240-448-0521
462737,Brimfield,Hampden,Brimfield,MA,1010,Northeast,207-84-4918,339-586-1596
634772,Talcott,Summers,Talcott,WV,24981,South,640-29-6690,304-477-1160
864491,Dunbar,Marinette,Dunbar,WI,54119,Midwest,051-02-4728,262-274-9148
771200,Campobello,Spartanburg,Campobello,SC,29322,South,638-29-0896,803-738-2771
541253,Appleton,Swift,Appleton,MN,56208,Midwest,319-11-5886,218-966-8544
704999,Houston,Harris,Houston,TX,77205,South,027-92-1078,210-743-6823
847603,Clark,Mercer,Clark,PA,16113,Northeast,426-99-5276,215-517-8831
462706,Port Edwards,Wood,Port Edwards,WI,54469,Midwest,302-15-5408,262-401-6193
988654,Scottsdale,Maricopa,Scottsdale,AZ,85258,West,130-98-2715,480-299-2964
130373,Dover Afb,Kent,Dover Afb,DE,19902,South,484-41-8518,302-562-0163
490970,Carlisle,Sullivan,Carlisle,IN,47838,Midwest,214-91-6120,219-457-2802
885253,Pingree,Stutsman,Pingree,ND,58476,Midwest,677-22-7898,701-575-9420
996402,Neeses,Orangeburg,Neeses,SC,29107,South,599-92-9158,803-754-4112
947623,Monango,Monango,Monango,ND,58471,Midwest,696-16-2807,701-832-1061
184402,Chicago,Cook,Chicago,IL,60701,Midwest,298-15-1406,217-724-1568
924964,Boone,Watauga,Boone,NC,28607,South,647-21-5676,252-622-3586
183909,South Milford,LaGrange,South Milford,IN,46786,Midwest,080-02-1003,219-823-3748
354069,Milwaukee,Milwaukee,Milwaukee,WI,53235,Midwest,329-11-6018,262-580-1902
613719,Clearmont,Sheridan,Clearmont,WY,82835,West,126-98-9809,307-676-8137
357718,Clyde,Nodaway,Clyde,MO,64432,Midwest,514-31-6832,314-432-2322
834650,Bankston,Fayette,Bankston,AL,35542,South,425-99-1066,205-728-6128
888177,Keithville,Caddo,Keithville,LA,71047,South,097-02-3509,225-355-7567
663522,Shawnee Mission,Johnson,Shawnee Mission,KS,66223,Midwest,723-18-9540,316-594-8018
807484,Masontown,Fayette,Masontown,PA,15461,Northeast,439-99-5238,215-617-1763
576715,Albany,Albany,Albany,NY,12242,Northeast,138-25-4196,212-780-1217
387891,Morganza,St. Mary's,Morganza,MD,20660,South,203-84-8916,240-454-9235
875533,Berkeley,Alameda,Berkeley,CA,94709,West,153-23-3337,209-892-2622
704654,Broken Arrow,Wagoner,Broken Arrow,OK,74014,South,474-55-5549,405-305-0917
396706,Towaoc,Montezuma,Towaoc,CO,81334,West,448-27-2273,303-586-9491
837859,Tilden,Randolph,Tilden,IL,62292,Midwest,359-08-9160,217-354-5956
906924,San Rafael,Marin,San Rafael,CA,94912,West,357-08-3470,209-822-9059
244379,Oxford,Chester,Oxford,PA,19363,Northeast,564-99-8197,215-897-0102
431394,Boston,Suffolk,Boston,MA,2205,Northeast,015-94-9208,339-398-6837
549982,Germantown,Montgomery,Germantown,MD,20875,South,537-71-9439,240-498-9881
766429,Wagner,Charles Mix,Wagner,SD,57380,Midwest,297-15-6740,605-401-1619
344898,Menasha,Winnebago,Menasha,WI,54952,Midwest,514-31-4401,262-331-7605
426061,Lakeville,Oakland,Lakeville,MI,48366,Midwest,194-86-5944,231-557-0480
788422,Burfordville,Cape Girardeau,Burfordville,MO,63739,Midwest,199-84-8237,314-336-6364
494903,Walhalla,Oconee,Walhalla,SC,29691,South,530-99-9481,803-483-3776
939209,Salem,Doña Ana,Salem,NM,87941,West,028-92-1156,505-467-5030
415047,Round Rock,Williamson,Round Rock,TX,78683,South,550-99-5454,210-932-0146
172373,Lyndora,Butler,Lyndora,PA,16045,Northeast,601-99-2315,215-641-3255
956982,Thompson,Audrain,Thompson,MO,65285,Midwest,172-86-2559,314-848-1508
377842,Bradenton,Manatee,Bradenton,FL,34280,South,198-84-6239,239-691-6475
735648,Parkin,Cross,Parkin,AR,72373,South,323-11-7743,479-214-8061
856621,El Dorado,El Dorado,El Dorado,CA,95623,West,224-99-1717,209-613-0906
410532,Mount Auburn,Christian,Mount Auburn,IL,62547,Midwest,664-22-6366,217-202-3290
387199,Louisville,Jefferson,Louisville,KY,40250,South,481-41-3213,270-716-8544
486442,Tucker,DeKalb,Tucker,GA,30085,South,709-18-4848,229-823-8954
712096,Shawnee Mission,Johnson,Shawnee Mission,KS,66219,Midwest,074-02-4769,316-574-2169
187207,Inverness,Citrus,Inverness,FL,34452,South,520-61-5831,239-875-0100
583435,Dallas,Dallas,Dallas,TX,75203,South,224-99-6415,210-477-0338
652292,Helena,Phillips,Helena,AR,72342,South,346-08-5835,479-699-0051
839764,Willow Grove,Montgomery,Willow Grove,PA,19090,Northeast,665-22-3076,215-575-2394
817441,Exton,Chester,Exton,PA,19341,Northeast,573-99-5412,215-622-5414
319686,Morton,Scott,Morton,MS,39117,South,165-86-5971,228-835-3458
340456,Sykeston,Wells,Sykeston,ND,58486,Midwest,576-99-1804,701-610-4897
862292,Wellsville,Montgomery,Wellsville,MO,63384,Midwest,500-29-6527,314-994-7660
155455,Oak Grove,West Carroll,Oak Grove,LA,71263,South,215-91-4097,225-352-4928
755512,Printer,Floyd,Printer,KY,41655,South,171-86-2782,270-820-6512
350036,Bismarck,Burleigh,Bismarck,ND,58503,Midwest,171-86-0883,701-642-9734
660160,Las Vegas,Clark,Las Vegas,NV,89122,West,616-87-8290,702-336-0209
615367,Mason,Grant,Mason,KY,41054,South,426-99-0408,270-879-5121
926340,Arvada,Jefferson,Arvada,CO,80004,West,750-20-3532,303-325-9009
741414,Northome,Koochiching,Northome,MN,56661,Midwest,614-87-3235,218-443-2049
552215,Bay Village,Cuyahoga,Bay Village,OH,44140,Midwest,033-92-9816,216-778-0829
629523,Switzer,Logan,Switzer,WV,25647,South,762-12-7395,304-446-1637
257355,Montrose,Los Angeles,Montrose,CA,91020,West,729-28-5689,209-842-6239
405704,Oconto,Custer,Oconto,NE,68860,Midwest,067-02-6051,308-284-0160
809563,Amarillo,Potter,Amarillo,TX,79174,South,311-35-5837,210-374-3466
551274,Long Island,Cumberland,Long Island,ME,4050,Northeast,034-92-7643,207-387-4048
410721,Fruitvale,Van Zandt,Fruitvale,TX,75127,South,424-65-2498,210-587-3396
411970,Allen,Floyd,Allen,KY,41601,South,157-23-8555,270-565-4887
502786,Commerce,Hunt,Commerce,TX,75429,South,232-57-9364,210-302-4566
779981,Golden,Jefferson,Golden,CO,80402,West,232-57-8265,303-562-4422
243913,Corpus Christi,Nueces,Corpus Christi,TX,78414,South,717-18-7988,210-900-8174
465563,Battletown,Meade,Battletown,KY,40104,South,701-18-7003,270-305-9552
126947,Ludowici,Long,Ludowici,GA,31316,South,351-08-6692,229-866-3074
997123,Spanaway,Pierce,Spanaway,WA,98387,West,342-11-5907,206-855-7332
768053,Rosiclare,Hardin,Rosiclare,IL,62982,Midwest,133-98-1970,217-347-0772
922004,Emigrant,Park,Emigrant,MT,59027,West,435-99-9680,406-754-9974
893257,Mount Vernon,Lawrence,Mount Vernon,MO,65712,Midwest,763-12-2396,314-394-0435
513516,Kingfield,Franklin,Kingfield,ME,4947,Northeast,179-86-1746,207-977-9846
550688,Washington,District of Columbia,Washington,DC,20003,South,090-02-5033,202-819-3883
578658,Norfolk,Norfolk (city),Norfolk,VA,23515,South,071-02-1904,236-383-4474
687401,Celina,Clay,Celina,TN,38551,South,224-99-4333,423-940-0594
616542,Roma,Starr,Roma,TX,78584,South,391-33-6488,210-262-1537
229674,Herron,Alpena,Herron,MI,49744,Midwest,373-37-3549,231-433-2702
910839,Dora,Ozark,Dora,MO,65637,Midwest,013-94-1023,314-589-3872
916771,Ellicott City,Howard,Ellicott City,MD,21041,South,117-98-8639,240-682-9996
917366,Bulls Gap,Hawkins,Bulls Gap,TN,37711,South,191-86-5375,423-370-4473
138184,Winterville,Aroostook,Winterville,ME,4788,Northeast,671-48-4672,207-629-4925
752368,Stotts City,Lawrence,Stotts City,MO,65756,Midwest,353-08-1417,314-595-1489
246567,Albany,Albany,Albany,NY,12214,Northeast,522-99-4735,212-424-7589
364826,Woodbury,Litchfield,Woodbury,CT,6798,Northeast,368-39-3176,203-486-3225
818588,Slayden,Dickson,Slayden,TN,37165,South,526-99-1338,423-674-0748
976130,Monroeton,Bradford,Monroeton,PA,18832,Northeast,124-98-9497,215-448-3144
113693,River Ranch,Polk,River Ranch,FL,33867,South,274-17-0320,239-494-4816
259326,Pattison,Claiborne,Pattison,MS,39144,South,270-17-9193,228-819-4863
203015,Frankfort,Franklin,Frankfort,KY,40604,South,143-23-7259,270-958-2865
507960,Gainesville,Alachua,Gainesville,FL,32611,South,311-35-8706,239-520-7157
685086,North Bloomfield,Trumbull,North Bloomfield,OH,44450,Midwest,731-28-6376,216-246-5622
377827,Pilgrims Knob,Buchanan,Pilgrims Knob,VA,24634,South,078-02-2260,236-204-8958
793908,Hookerton,Greene,Hookerton,NC,28538,South,347-08-1937,252-298-6471
562756,Grand Forks,Grand Forks,Grand Forks,ND,58203,Midwest,091-02-4518,701-608-4351
593831,Aldenville,Wayne,Aldenville,PA,18401,Northeast,499-29-2165,215-459-6453
654413,Algonquin,McHenry,Algonquin,IL,60102,Midwest,030-92-5739,217-901-7580
177908,Saint Petersburg,Pinellas,Saint Petersburg,FL,33715,South,350-08-5646,239-934-9263
213923,Oldfield,Christian,Oldfield,MO,65720,Midwest,599-92-9436,314-636-8044
453046,Macomb,Macomb,Macomb,MI,48042,Midwest,701-18-0232,231-235-6255
416395,Cubero,Cibola,Cubero,NM,87014,West,454-99-2528,505-696-5299
428638,Pecks Mill,Logan,Pecks Mill,WV,25547,South,732-28-4448,304-632-1436
185040,Interlochen,Grand Traverse,Interlochen,MI,49643,Midwest,389-33-7998,231-749-4057
369773,Springfield,Greene,Springfield,MO,65804,Midwest,453-99-1401,314-503-6472
509313,Madison Lake,Blue Earth,Madison Lake,MN,56063,Midwest,225-99-0053,218-396-9186
842810,Ucon,Bonneville,Ucon,ID,83454,West,473-55-5183,208-484-5684
641526,Bowman,Orangeburg,Bowman,SC,29018,South,751-18-1771,803-321-0711
347756,White Oak,Raleigh,White Oak,WV,25989,South,657-36-9778,304-318-1051
310825,Brunsville,Plymouth,Brunsville,IA,51008,Midwest,555-99-5270,319-538-8810
676338,Augusta,Richmond,Augusta,GA,30914,South,682-24-0473,229-906-7203
982306,Hodgenville,Larue,Hodgenville,KY,42748,South,344-11-4353,270-948-8824
912439,Redwood City,San Mateo,Redwood City,CA,94065,West,188-86-7753,209-757-6435
300153,Sugar Land,Fort Bend,Sugar Land,TX,77479,South,466-99-9670,210-981-6244
324892,Bremerton,Kitsap,Bremerton,WA,98310,West,085-02-3722,206-338-3690
742590,Hamletsburg,Pope,Hamletsburg,IL,62944,Midwest,624-85-6374,217-853-1719
402636,Amber,Grady,Amber,OK,73004,South,456-99-0995,405-324-1571
405301,Spencer,Boyd,Spencer,NE,68777,Midwest,562-99-4275,308-810-6055
948900,Lansing,Ingham,Lansing,MI,48937,Midwest,328-11-4113,231-446-5337
718875,Mesquite,Clark,Mesquite,NV,89027,West,428-99-0496,702-883-5215
484415,Valley Home,Valley Home,Valley Home,CA,95384,West,111-98-3451,209-847-7903
350283,Bledsoe,Cochran,Bledsoe,TX,79314,South,766-04-4634,210-534-5316
765212,Oklahoma City,Oklahoma,Oklahoma City,OK,73114,South,648-58-1614,405-523-4842
760606,Miami,Miami-Dade,Miami,FL,33166,South,544-81-6410,239-710-7632
331661,Islesford,Hancock,Islesford,ME,4646,Northeast,331-11-2354,207-380-9378
224563,Sacramento,Sacramento,Sacramento,CA,95864,West,274-17-5831,209-489-3595
449882,Vernal,Uintah,Vernal,UT,84079,West,182-86-1971,385-482-7399
450738,Brinkley,Brinkley,Brinkley,KY,41805,South,726-18-5841,270-832-9791
806622,Taloga,Dewey,Taloga,OK,73667,South,271-17-3218,405-901-2442
385833,Pottstown,Montgomery,Pottstown,PA,19464,Northeast,695-16-7481,215-434-2965
763163,Casanova,Casanova,Casanova,VA,22017,South,216-89-1712,236-867-0704
897397,Basalt,Bingham,Basalt,ID,83218,West,393-33-7543,208-471-5013
862696,Elizabeth,Allegheny,Elizabeth,PA,15037,Northeast,128-98-4835,215-915-6037
696128,Houston,Harris,Houston,TX,77226,South,636-31-8728,210-454-7993
396732,Versailles,Woodford,Versailles,KY,40383,South,395-33-3147,270-242-4951
525550,Ettrick,Trempealeau,Ettrick,WI,54627,Midwest,188-86-2303,262-374-9116
391646,Whitleyville,Jackson,Whitleyville,TN,38588,South,329-11-4282,423-749-1611
869042,Memphis,Shelby,Memphis,TN,38159,South,294-15-3251,423-758-5752
265358,Hollytree,Jackson,Hollytree,AL,35751,South,248-99-9366,205-598-2838
868673,Washington,Hempstead,Washington,AR,71862,South,449-99-7937,479-213-0424
626383,Paterson,Passaic,Paterson,NJ,7510,Northeast,078-02-1915,201-657-3108
150291,Cardin,Ottawa,Cardin,OK,74335,South,690-22-4256,405-282-5811
909677,Washington,District of Columbia,Washington,DC,20242,South,708-18-9242,202-552-9556
138191,Coyanosa,Pecos,Coyanosa,TX,79730,South,426-99-4295,210-587-9753
321519,Waterflow,San Juan,Waterflow,NM,87421,West,331-11-6370,505-318-6974
776039,Rosalia,Whitman,Rosalia,WA,99170,West,671-48-9483,206-485-0242
121192,Reidsville,Rockingham,Reidsville,NC,27320,South,311-35-2429,252-945-2806
348481,West Des Moines,Polk,West Des Moines,IA,50265,Midwest,608-87-8255,319-416-0427
156143,Antimony,Garfield,Antimony,UT,84712,West,042-15-9567,385-734-2154
986792,Memphis,Shelby,Memphis,TN,38173,South,632-31-6203,423-352-3613
567275,Bruington,King and Queen,Bruington,VA,23023,South,506-57-4360,236-343-2779
441872,Nowata,Nowata,Nowata,OK,74048,South,389-33-8731,405-948-8262
247716,Raleigh,Wake,Raleigh,NC,27601,South,691-18-1708,252-336-0094
707951,Dallas Center,Dallas,Dallas Center,IA,50063,Midwest,308-37-6217,319-492-2995
749500,Lemoore,Kings,Lemoore,CA,93246,West,357-08-1252,209-536-2171
302532,Mountain Pine,Garland,Mountain Pine,AR,71956,South,396-33-1664,479-656-1584
554841,Elgin,Wabasha,Elgin,MN,55932,Midwest,236-55-6272,218-575-4738
341481,Detour,Detour,Detour,MD,21725,South,252-99-0858,240-241-7959
406419,Waterloo,Black Hawk,Waterloo,IA,50702,Midwest,308-37-5101,319-541-6178
548138,Henderson,Clark,Henderson,NV,89015,West,167-86-5026,702-236-1209
613380,Altoona,Eau Claire,Altoona,WI,54720,Midwest,689-24-5023,262-831-2532
668685,Bay Port,Huron,Bay Port,MI,48720,Midwest,338-11-5990,231-359-0576
805231,Holcomb,Grenada,Holcomb,MS,38940,South,706-18-8685,228-898-2496
765983,Desert Center,Riverside,Desert Center,CA,92239,West,467-99-3824,209-404-2198
383673,Floyd,Floyd,Floyd,IA,50435,Midwest,524-99-3004,319-224-7336
308543,Orange,Orange,Orange,CA,92859,West,500-29-7010,209-454-1614
811224,San Diego,San Diego,San Diego,CA,92152,West,247-99-0566,209-813-7505
637979,Americus,Sumter,Americus,GA,31719,South,223-99-5094,229-451-8084
431097,Ponca City,Kay,Ponca City,OK,74604,South,004-13-3541,405-458-4673
509371,Lockbourne,Pickaway,Lockbourne,OH,43137,Midwest,770-02-3843,216-795-7004
290554,Honomu,Hawaii,Honomu,HI,96728,West,543-81-0083,808-653-5874
398989,Pattonsburg,Daviess,Pattonsburg,MO,64670,Midwest,338-11-2902,314-636-8300
551061,Groveton,Coos,Groveton,NH,3582,Northeast,382-37-3240,603-667-5176
384939,Bolingbroke,Monroe,Bolingbroke,GA,31004,South,417-67-5948,229-925-1431
179692,Richey,Dawson,Richey,MT,59259,West,075-02-2358,406-797-8679
628495,Weymouth,Norfolk,Weymouth,MA,2190,Northeast,650-62-3348,339-266-0385
394010,Hudson,Penobscot,Hudson,ME,4449,Northeast,170-86-6988,207-716-9511
372801,Polk City,Polk,Polk City,FL,33868,South,409-99-7314,239-864-8682
999307,Torbert,Pointe Coupee,Torbert,LA,70781,South,211-84-3295,225-622-2835
486707,Lexington,Davidson,Lexington,NC,27292,South,673-48-9561,252-876-4376
312646,Flint,Smith,Flint,TX,75762,South,408-99-2956,210-693-0842
581520,Langford,Marshall,Langford,SD,57454,Midwest,196-84-1462,605-258-5049
701494,Warfield,Martin,Warfield,KY,41267,South,691-18-4577,270-730-7755
617343,Saum,Saum,Saum,MN,56674,Midwest,398-31-6703,218-522-2814
653595,Somerset Center,Hillsdale,Somerset Center,MI,49282,Midwest,113-98-7592,231-613-4831
248995,Decatur,Morgan,Decatur,AL,35602,South,063-02-6442,205-979-9318
739214,Waterbury,New Haven,Waterbury,CT,6708,Northeast,398-31-8672,203-948-5354
939293,Murray,Calloway,Murray,KY,42071,South,234-57-6965,270-690-0738
382405,Minneola,Clark,Minneola,KS,67865,Midwest,081-02-0630,316-416-9643
978581,Riverdale,Prince George's,Riverdale,MD,20737,South,391-33-9839,240-620-2781
802411,Julian,Boone,Julian,WV,25529,South,343-11-3826,304-728-0047
438290,Columbiana,Columbiana,Columbiana,OH,44408,Midwest,312-35-4572,216-386-5686
375215,North River,Warren,North River,NY,12856,Northeast,619-87-0080,212-567-5943
419637,Grady,Curry,Grady,NM,88120,West,090-02-3767,505-804-9224
887447,Lander,Fremont,Lander,WY,82520,West,675-48-9067,307-446-8745
736349,Freeport,Stearns,Freeport,MN,56331,Midwest,433-99-0779,218-643-7697
710423,Milton,Sumner,Milton,KS,67106,Midwest,014-94-7236,316-254-6895
392529,Corunna,Shiawassee,Corunna,MI,48817,Midwest,425-99-9870,231-375-4938
922113,Vancouver,Clark,Vancouver,WA,98665,West,667-48-9206,206-405-0866
994548,Adams,Berkshire,Adams,MA,1220,Northeast,106-98-8870,339-321-9311
849237,Kenner,Kenner,Kenner,LA,70097,South,594-99-1676,225-591-8162
124742,Tavernier,Monroe,Tavernier,FL,33070,South,471-57-4327,239-205-8712
612842,Nashua,Hillsborough,Nashua,NH,3061,Northeast,233-57-9832,603-731-8321
149140,Meyersdale,Somerset,Meyersdale,PA,15552,Northeast,037-74-9165,215-702-5568
927344,Redford,Reynolds,Redford,MO,63665,Midwest,426-99-6254,314-320-7909
375880,Salinas,Monterey,Salinas,CA,93902,West,112-98-2845,209-789-1836
403048,Plum City,Pierce,Plum City,WI,54761,Midwest,681-24-2319,262-778-5525
258773,Johnsonville,Wayne,Johnsonville,IL,62850,Midwest,622-85-4012,217-295-4005
602135,Creswell,Washington,Creswell,NC,27928,South,090-02-2109,252-903-6799
673774,Saranac,Clinton,Saranac,NY,12981,Northeast,074-02-5662,212-749-8096
875902,Elkhart,Elkhart,Elkhart,IN,46517,Midwest,158-23-8818,219-620-9392
296157,Evansville,Vanderburgh,Evansville,IN,47711,Midwest,452-99-2790,219-632-4661
788810,Gladstone,Delta,Gladstone,MI,49837,Midwest,423-67-3659,231-931-7997
328375,Las Vegas,Clark,Las Vegas,NV,89111,West,388-33-2550,702-929-3783
601554,Phoenix,Maricopa,Phoenix,AZ,85070,West,504-45-7265,480-262-9337
828621,San Ygnacio,Zapata,San Ygnacio,TX,78067,South,067-02-6910,210-772-0077
285385,Oconee,Shelby,Oconee,IL,62553,Midwest,269-17-3604,217-317-7168
556750,Grace City,Foster,Grace City,ND,58445,Midwest,405-73-7810,701-400-7687
428798,Endicott,Broome,Endicott,NY,13760,Northeast,395-33-6376,212-228-7274
920890,Broad Brook,Hartford,Broad Brook,CT,6016,Northeast,449-99-4816,203-299-5290
619908,Williamsport,Lycoming,Williamsport,PA,17703,Northeast,239-99-7926,215-502-2474
608086,Sunset,Montague,Sunset,TX,76270,South,303-37-5276,210-558-1096
887855,Austin,Travis,Austin,TX,78748,South,660-24-0648,210-872-7615
593416,Payson,Gila,Payson,AZ,85541,West,023-92-6980,480-819-7841
453240,Dallas,Dallas,Dallas,TX,75350,South,431-99-0889,210-550-4580
333131,Kiahsville,Wayne,Kiahsville,WV,25534,South,329-11-3312,304-824-7797
704255,Horse Creek,Laramie,Horse Creek,WY,82061,West,508-57-5358,307-671-7276
836272,New Church,Accomack,New Church,VA,23415,South,683-24-0908,236-267-7767
870724,Whitmore Lake,Washtenaw,Whitmore Lake,MI,48189,Midwest,469-57-0034,231-349-6649
309197,Manchester,Hillsborough,Manchester,NH,3111,Northeast,041-15-9812,603-444-4083
868288,Dixie,Brooks,Dixie,GA,31629,South,533-71-1567,229-326-5671
289702,Lowgap,Surry,Lowgap,NC,27024,South,222-11-6134,252-401-7609
229399,Madison,Dane,Madison,WI,53704,Midwest,225-99-1189,262-216-4347
409602,Ary,Perry,Ary,KY,41712,South,582-99-7204,270-988-8741
926666,Saint Leo,Saint Leo,Saint Leo,MN,56286,Midwest,446-27-1116,218-464-4713
146904,Mc Kinney,Lincoln,Mc Kinney,KY,40448,South,669-48-9228,270-304-2406
783011,Mannsville,Taylor,Mannsville,KY,42758,South,595-99-3458,270-588-5837
373115,Hampden,Hampden,Hampden,MA,1036,Northeast,159-86-7446,339-351-3060
829747,Belhaven,Beaufort,Belhaven,NC,27810,South,624-85-1626,252-437-8817
390136,Town Creek,Lawrence,Town Creek,AL,35672,South,750-20-8788,205-883-9694
418115,Oatman,Mohave,Oatman,AZ,86433,West,458-99-4231,480-332-1784
595624,Nichols,Outagamie,Nichols,WI,54152,Midwest,038-74-7028,262-655-0830
334312,Wilsons,Dinwiddie,Wilsons,VA,23894,South,537-71-1500,236-622-4897
693498,Augusta,Kennebec,Augusta,ME,4336,Northeast,315-35-0444,207-474-9516
612413,Kingman,Kingman,Kingman,AZ,86409,West,472-57-4176,480-435-5350
477357,Wickhaven,Fayette,Wickhaven,PA,15492,Northeast,083-02-1969,215-846-8338
406344,Brookston,St. Louis,Brookston,MN,55711,Midwest,321-11-4924,218-822-2366
659040,Northville,Spink,Northville,SD,57465,Midwest,524-99-1855,605-332-4410
393086,Albany,Gentry,Albany,MO,64402,Midwest,033-92-2242,314-312-2201
547881,Westminster,Windham,Westminster,VT,5158,Northeast,197-84-2821,802-393-4376
401585,Jefferson City,Cole,Jefferson City,MO,65104,Midwest,728-14-6863,314-762-3139
275099,Brownsville,Union,Brownsville,IN,47325,Midwest,653-60-7715,219-342-9413
295128,Lonoke,Lonoke,Lonoke,AR,72086,South,322-11-0663,479-404-0500
368884,Post,Garza,Post,TX,79356,South,379-37-9668,210-294-0231
801641,Hawk Run,Clearfield,Hawk Run,PA,16840,Northeast,140-23-8064,215-696-1630
596849,Tuskegee,Macon,Tuskegee,AL,36083,South,440-29-4749,205-413-2067
319677,Kermit,Winkler,Kermit,TX,79745,South,509-33-9948,210-474-0911
214725,Fork,Dillon,Fork,SC,29543,South,680-31-7123,803-967-9691
838989,Evansville,Natrona,Evansville,WY,82636,West,586-67-0057,307-899-4753
204641,Havertown,Delaware,Havertown,PA,19083,Northeast,071-02-6710,215-776-2408
781241,Newport Beach,Orange,Newport Beach,CA,92659,West,009-94-3896,209-565-4813
308548,Avon,Powell,Avon,MT,59713,West,470-57-9333,406-690-8950
788639,Wilmington,New Castle,Wilmington,DE,19887,South,209-84-0149,302-819-0763
773441,Oklahoma City,Cleveland,Oklahoma City,OK,73165,South,183-86-9384,405-929-2598
710473,Grizzly Flats,El Dorado,Grizzly Flats,CA,95636,West,025-92-4578,209-432-7047
280616,Roberta,Crawford,Roberta,GA,31078,South,717-18-4974,229-570-6475
926471,Gilbertsville,Marshall,Gilbertsville,KY,42044,South,051-02-6432,270-550-5057
420058,Huntsville,Madison,Huntsville,AL,35814,South,351-08-5590,205-588-3303
923618,Valle Crucis,Watauga,Valle Crucis,NC,28691,South,507-57-7351,252-789-5092
626643,Mount Pleasant,Gadsden,Mount Pleasant,FL,32352,South,170-86-2254,239-251-7205
709787,Dallas,Dallas,Dallas,TX,75253,South,292-15-2778,210-785-1355
605917,Revelo,McCreary,Revelo,KY,42638,South,601-99-0176,270-474-8714
203063,Dille,Clay,Dille,WV,26617,South,149-23-5855,304-244-6955
832795,Metz,Marion,Metz,WV,26585,South,681-24-3911,304-868-9770
846758,Sheffield,Bureau,Sheffield,IL,61361,Midwest,217-89-3840,217-493-8911
817618,Washington,District of Columbia,Washington,DC,20241,South,646-23-5020,202-289-8717
589012,San Diego,San Diego,San Diego,CA,92123,West,167-86-7007,209-228-3146
389576,Victor,San Joaquin,Victor,CA,95253,West,403-73-2218,209-287-5306
254755,Van Buren,Carter,Van Buren,MO,63965,Midwest,520-61-0054,314-268-9487
580822,Albany,Albany,Albany,NY,12248,Northeast,650-62-4035,212-258-5693
448922,West Bend,West Bend,West Bend,WI,53096,Midwest,533-71-6007,262-999-6671
916834,Burlington,Calhoun,Burlington,MI,49029,Midwest,573-99-3975,231-693-7443
352019,Tyler,Smith,Tyler,TX,75702,South,263-99-2634,210-629-7339
807476,Trampas,Taos,Trampas,NM,87576,West,476-55-8164,505-331-4525
213620,Fordland,Webster,Fordland,MO,65652,Midwest,722-18-1339,314-337-3039
510975,Charlotte,Mecklenburg,Charlotte,NC,28280,South,231-99-5515,252-401-2316
682658,Spring Church,Armstrong,Spring Church,PA,15686,Northeast,654-38-8577,215-920-9224
920812,Dewar,Black Hawk,Dewar,IA,50623,Midwest,420-67-0380,319-783-2596
335636,Morrisville,Madison,Morrisville,NY,13408,Northeast,471-57-9761,212-549-0257
758862,Montrose,Montrose,Montrose,CO,81402,West,009-94-7703,303-449-8555
986092,Columbus,Warren,Columbus,PA,16405,Northeast,520-61-5663,215-444-2447
647012,Ogallah,Trego,Ogallah,KS,67656,Midwest,489-29-0686,316-397-8621
358642,Pittsboro,Calhoun,Pittsboro,MS,38951,South,523-99-1322,228-788-0742
640581,Arnett,Raleigh,Arnett,WV,25007,South,593-99-0935,304-972-4639
822054,Larrabee,Cherokee,Larrabee,IA,51029,Midwest,079-02-7451,319-946-5098
251321,Canoga Park,Los Angeles,Canoga Park,CA,91305,West,374-37-1121,209-684-2267
875792,Maryville,Blount,Maryville,TN,37801,South,373-37-4344,423-517-0560
432229,Portis,Osborne,Portis,KS,67474,Midwest,485-41-0136,316-521-0065
306701,Clovis,Curry,Clovis,NM,88102,West,182-86-8281,505-941-0452
996381,Maine,Broome,Maine,NY,13802,Northeast,214-91-0751,212-535-7374
376941,Little Rock,Pulaski,Little Rock,AR,72207,South,547-99-0435,479-745-1381
497576,Ravenwood,Nodaway,Ravenwood,MO,64479,Midwest,524-99-9765,314-893-9317
182058,Rancho Cucamonga,San Bernardino,Rancho Cucamonga,CA,91730,West,057-02-8275,209-597-8235
489450,Union Church,Jefferson,Union Church,MS,39668,South,605-87-0674,228-724-1797
318089,Ionia,Ontario,Ionia,NY,14475,Northeast,291-15-9481,212-552-9183
301953,Gadsden,Etowah,Gadsden,AL,35905,South,114-98-8812,205-773-6498
329907,Montgomery,Montgomery,Montgomery,AL,36136,South,320-11-8338,205-406-0676
696295,Copenhagen,Lewis,Copenhagen,NY,13626,Northeast,308-37-9020,212-449-5886
635271,Louisville,Jefferson,Louisville,KY,40268,South,648-58-4653,270-243-2443
315034,Greenville,Augusta,Greenville,VA,24440,South,223-99-5796,236-574-8208
285675,Hubert,Onslow,Hubert,NC,28539,South,726-18-5154,252-486-2499
177300,Roma,Starr,Roma,TX,78584,South,063-02-5952,210-534-2493
814002,Tatums,Carter,Tatums,OK,73487,South,638-29-7400,405-248-2136
580274,Seattle,King,Seattle,WA,98136,West,396-33-3771,206-431-3549
863434,Burbank,Los Angeles,Burbank,CA,91523,West,137-25-6187,209-780-0931
768022,Manasota,Manatee,Manasota,FL,34260,South,285-15-8661,239-729-6968
292052,Green Bay,Brown,Green Bay,WI,54344,Midwest,299-15-2454,262-322-1740
395472,Buffalo,Wright,Buffalo,MN,55313,Midwest,244-99-5317,218-206-4122
669795,Rio Vista,Johnson,Rio Vista,TX,76093,South,328-11-4686,210-954-5699
259749,Eola,Concho,Eola,TX,76937,South,348-08-6371,210-707-7164
862228,West Farmington,Trumbull,West Farmington,OH,44491,Midwest,697-16-2826,216-745-7229
882209,Showell,Worcester,Showell,MD,21862,South,202-84-7550,240-486-4030
840009,Mount Moriah,Harrison,Mount Moriah,MO,64665,Midwest,702-18-4678,314-702-9030
413384,Huron,Lawrence,Huron,IN,47437,Midwest,056-02-5336,219-666-3434
408482,Fort Lauderdale,Broward,Fort Lauderdale,FL,33309,South,119-98-4813,239-722-7083
666407,Tampa,Hillsborough,Tampa,FL,33633,South,016-94-7116,239-781-9873
218533,Peever,Roberts,Peever,SD,57257,Midwest,522-99-5974,605-941-5651
973342,Huslia,Yukon-Koyukuk (CA),Huslia,AK,99746,West,419-67-3843,907-531-8626
197578,Birmingham,Birmingham,Birmingham,AL,35275,South,138-25-2987,205-984-2277
669996,Galesburg,Neosho,Galesburg,KS,66740,Midwest,268-17-5191,316-829-0754
539579,Mcallen,Hidalgo,Mcallen,TX,78502,South,457-99-9163,210-814-2787
125872,Levittown,Bucks,Levittown,PA,19059,Northeast,642-29-7209,215-251-8095
837426,Burbank,Los Angeles,Burbank,CA,91521,West,327-11-5207,209-285-6287
235913,Alexandria,Fairfax,Alexandria,VA,22315,South,096-02-2483,236-389-8272
274339,Donnelly,Valley,Donnelly,ID,83615,West,298-15-0620,208-788-0166
512957,Brooklyn,Kings,Brooklyn,NY,11232,Northeast,363-39-2783,212-999-9690
235415,Malden,Bureau,Malden,IL,61337,Midwest,508-57-7609,217-405-5090
586433,Pawling,Dutchess,Pawling,NY,12564,Northeast,223-99-4231,212-949-6532
255982,Lafayette,Tippecanoe,Lafayette,IN,47905,Midwest,476-55-7495,219-656-0013
357307,Linwood,Linwood,Linwood,NJ,8227,Northeast,435-99-4945,201-374-3765
667859,Owensboro,Daviess,Owensboro,KY,42301,South,023-92-9613,270-850-7163
503729,Hereford,Deaf Smith,Hereford,TX,79045,South,672-48-5205,210-720-2134
637992,Farmerville,Union,Farmerville,LA,71241,South,554-99-2725,225-235-7055
809585,Byron,Thayer,Byron,NE,68325,Midwest,646-23-0106,308-900-3169
960549,Columbus,Franklin,Columbus,OH,43251,Midwest,722-18-8919,216-449-3483
232646,Brooklyn,Kings,Brooklyn,NY,11209,Northeast,051-02-4709,212-539-4179
741386,Ovid,Ovid,Ovid,ID,83260,West,717-18-0024,208-568-8520
184514,El Paso,El Paso,El Paso,TX,79926,South,471-57-1707,210-926-3255
447090,New Haven,New Haven,New Haven,CT,6504,Northeast,190-86-6508,203-658-7524
272372,Stratton,Kit Carson,Stratton,CO,80836,West,036-74-1574,303-466-4269
901940,Waverly,Lee,Waverly,AL,36879,South,290-15-8889,205-323-4133
863659,Stuart,Guthrie,Stuart,IA,50250,Midwest,597-92-5223,319-725-1874
482788,Temecula,Riverside,Temecula,CA,92593,West,059-02-1643,209-657-5266
390321,Peachtree City,Fayette,Peachtree City,GA,30269,South,127-98-9165,229-687-6505
984074,Belvidere,Warren,Belvidere,NJ,7823,Northeast,758-12-9601,201-292-6122
420425,Mount Vision,Otsego,Mount Vision,NY,13810,Northeast,649-56-3160,212-597-9378
847428,Sunnyvale,Santa Clara,Sunnyvale,CA,94090,West,687-24-6867,209-851-5183
636027,Riverside,Riverside,Riverside,CA,92507,West,640-29-0378,209-916-7490
894744,Fremont,Alameda,Fremont,CA,94538,West,401-73-8217,209-993-9211
745058,Washington,District of Columbia,Washington,DC,20539,South,692-18-0052,202-366-8619
814720,Sod,Lincoln,Sod,WV,25564,South,448-27-3008,304-669-8252
799474,Coleman,Coleman,Coleman,GA,39836,South,450-99-2638,229-386-6325
430660,Atlantic Beach,Carteret,Atlantic Beach,NC,28512,South,494-29-1580,252-968-0630
502976,Homer,Winona,Homer,MN,55942,Midwest,486-29-7467,218-679-4948
443961,Ronceverte,Greenbrier,Ronceverte,WV,24970,South,226-99-4169,304-968-7951
980544,Keystone,Keith,Keystone,NE,69144,Midwest,014-94-2905,308-661-4611
236627,Effie,Itasca,Effie,MN,56639,Midwest,639-29-2309,218-785-0104
259771,Guin,Marion,Guin,AL,35563,South,254-99-9004,205-412-6216
316153,Hustler,Juneau,Hustler,WI,54637,Midwest,424-65-2740,262-826-0256
602901,Montclair,Essex,Montclair,NJ,7043,Northeast,631-31-2667,201-526-6449
319426,Camp Point,Adams,Camp Point,IL,62320,Midwest,309-37-3810,217-737-9857
717322,Glendale,Maricopa,Glendale,AZ,85303,West,645-29-5293,480-562-2776
603441,Edmeston,Otsego,Edmeston,NY,13335,Northeast,181-86-4388,212-750-3642
316773,Raton,Colfax,Raton,NM,87740,West,622-85-2945,505-592-8442
561706,Indianapolis,Indianapolis,Indianapolis,IN,46296,Midwest,386-37-5266,219-940-4620
283233,Iuka,Pratt,Iuka,KS,67066,Midwest,513-31-8994,316-354-7478
360785,Ogunquit,York,Ogunquit,ME,3907,Northeast,406-73-3065,207-969-9086
568396,Azusa,Los Angeles,Azusa,CA,91702,West,660-24-9289,209-597-9691
569208,Fellsmere,Indian River,Fellsmere,FL,32948,South,126-98-6643,239-638-1617
862508,Saint Louis,St. Louis,Saint Louis,MO,63123,Midwest,646-23-9801,314-336-5674
595400,Clarks,Merrick,Clarks,NE,68628,Midwest,012-94-6002,308-538-0068
391677,South Richmond Hill,Queens,South Richmond Hill,NY,11419,Northeast,758-12-6786,212-500-1799
629094,Diamond City,Boone,Diamond City,AR,72630,South,164-86-3690,479-399-0575
538099,Cheyenne,Laramie,Cheyenne,WY,82008,West,036-74-9437,307-982-5217
447315,Richmond,Fort Bend,Richmond,TX,77406,South,431-99-8711,210-438-2560
866533,Crystal Lake,McHenry,Crystal Lake,IL,60039,Midwest,169-86-5047,217-289-8864
223842,Saint Mary Of The Woods,Vigo,Saint Mary Of The Woods,IN,47876,Midwest,270-17-2933,219-514-3721
695913,Bruce,Brookings,Bruce,SD,57220,Midwest,382-37-6657,605-792-6456
703258,Linthicum Heights,Anne Arundel,Linthicum Heights,MD,21090,South,338-11-9987,240-873-5040
799440,Halsey,Linn,Halsey,OR,97348,West,567-99-3219,503-775-7490
322907,Cloquet,Carlton,Cloquet,MN,55720,Midwest,095-02-6682,218-302-5780
927582,Kimmell,Noble,Kimmell,IN,46760,Midwest,059-02-2247,219-688-2245
421662,North Anson,Somerset,North Anson,ME,4958,Northeast,172-86-6904,207-674-8485
626217,La Jara,Conejos,La Jara,CO,81140,West,643-29-4978,303-494-6779
563278,Fayetteville,Cumberland,Fayetteville,NC,28312,South,685-24-8028,252-604-3981
377693,Deltona,Volusia,Deltona,FL,32725,South,143-23-4024,239-221-7934
890991,Branch,Acadia,Branch,LA,70516,South,629-31-9820,225-495-6373
314801,Windsor Mill,Baltimore,Windsor Mill,MD,21244,South,657-36-3532,240-308-8331
207814,Apulia Station,Onondaga,Apulia Station,NY,13020,Northeast,699-16-5844,212-389-8048
202115,Isaban,McDowell,Isaban,WV,24846,South,657-36-1837,304-962-1375
921413,Las Vegas,Clark,Las Vegas,NV,89149,West,418-67-7371,702-317-4678
156912,Liberty,Putnam,Liberty,WV,25124,South,201-84-6620,304-503-6249
214684,Padroni,Logan,Padroni,CO,80745,West,192-86-9782,303-749-0211
915227,Belmond,Wright,Belmond,IA,50421,Midwest,568-99-2565,319-313-2920
358685,Green,Summit,Green,OH,44232,Midwest,757-12-1478,216-645-1878
893055,Drift,Floyd,Drift,KY,41619,South,443-27-1514,270-890-7134
195707,Lake Orion,Oakland,Lake Orion,MI,48361,Midwest,606-87-5278,231-902-5193
848244,Tyler,Smith,Tyler,TX,75703,South,037-74-5121,210-395-5420
264711,Truesdale,Buena Vista,Truesdale,IA,50592,Midwest,072-02-2338,319-808-8949
504189,Cincinnati,Hamilton,Cincinnati,OH,45253,Midwest,349-08-0014,216-405-0088
930232,Bonita Springs,Bonita Springs,Bonita Springs,FL,33923,South,244-99-8546,239-390-0222
163114,Boulder,Boulder,Boulder,CO,80302,West,434-99-5445,303-459-4227
653650,Ottosen,Humboldt,Ottosen,IA,50570,Midwest,150-23-3436,319-863-9367
114498,Alston,Montgomery,Alston,GA,30412,South,473-55-3454,229-810-6710
879035,Northridge,Los Angeles,Northridge,CA,91326,West,317-35-1586,209-881-5025
644180,Carrollton,Dallas,Carrollton,TX,75006,South,554-99-1514,210-577-7191
228031,Buskirk,Rensselaer,Buskirk,NY,12028,Northeast,700-18-6532,212-888-9111
338621,Schnecksville,Lehigh,Schnecksville,PA,18078,Northeast,690-22-7697,215-991-1106
920425,Denair,Stanislaus,Denair,CA,95316,West,410-99-7172,209-767-1828
378735,Fontana,San Bernardino,Fontana,CA,92337,West,395-33-8329,209-549-4667
781527,Barker,Niagara,Barker,NY,14012,Northeast,209-84-6671,212-990-6655
517758,Plymouth,Wayne,Plymouth,MI,48170,Midwest,188-86-8140,231-260-9873
419690,New Haven,Macomb,New Haven,MI,48050,Midwest,755-07-3867,231-567-5357
215358,Draper,Salt Lake,Draper,UT,84020,West,406-73-2929,385-699-9503
268404,Forrest City,St. Francis,Forrest City,AR,72336,South,444-27-7178,479-898-2977
844671,Ft Devens,Ft Devens,Ft Devens,MA,1433,Northeast,477-55-4710,339-453-2116
631876,Hull,Liberty,Hull,TX,77564,South,639-29-1011,210-622-2840
666689,Sharon Grove,Todd,Sharon Grove,KY,42280,South,730-28-9379,270-575-7052
317405,Mount Vernon,Mobile,Mount Vernon,AL,36560,South,399-31-4661,205-467-1553
266463,Rushville,Schuyler,Rushville,IL,62681,Midwest,139-23-6864,217-831-9435
326786,Cedar Springs,Cedar Springs,Cedar Springs,GA,39832,South,105-02-3725,229-500-4002
812211,Brownville,Nemaha,Brownville,NE,68321,Midwest,441-29-3780,308-751-5167
634529,Secor,Woodford,Secor,IL,61771,Midwest,102-02-4005,217-477-8358
831799,White Heath,Piatt,White Heath,IL,61884,Midwest,079-02-8591,217-780-5932
525091,Camden,Camden,Camden,NJ,8103,Northeast,504-45-7914,201-694-1072
978800,Sugar Hill,Sugar Hill,Sugar Hill,NH,3586,Northeast,577-53-9261,603-526-4197
739146,Brady Lake,Portage,Brady Lake,OH,44211,Midwest,581-99-3381,216-434-1872
704797,Hodgenville,Larue,Hodgenville,KY,42748,South,513-31-3413,270-812-8208
567772,Moulton,Lavaca,Moulton,TX,77975,South,071-02-5261,210-221-8773
310173,Waianae,Honolulu,Waianae,HI,96792,West,364-39-0983,808-924-6994
144548,San Francisco,San Francisco,San Francisco,CA,94155,West,098-02-9238,209-967-3069
734469,Monroe,Ouachita,Monroe,LA,71213,South,234-57-9379,225-964-5365
630016,Las Vegas,Clark,Las Vegas,NV,89185,West,701-18-8233,702-224-4335
780778,Mc Shan,Pickens,Mc Shan,AL,35471,South,220-89-1138,205-694-8911
538505,Lansing,Eaton,Lansing,MI,48907,Midwest,216-89-1309,231-832-5426
579723,Lakeland,Livingston,Lakeland,MI,48143,Midwest,360-08-4076,231-395-9005
901762,Point Of Rocks,Sweetwater,Point Of Rocks,WY,82942,West,391-33-5077,307-270-7482
765235,Ninety Six,Greenwood,Ninety Six,SC,29666,South,265-99-3950,803-210-7799
186047,Laguna Park,Bosque,Laguna Park,TX,76644,South,469-57-7604,210-208-4920
389919,Kettleman City,Kings,Kettleman City,CA,93239,West,574-61-9614,209-294-3229
990488,New Rumley,Harrison,New Rumley,OH,43984,Midwest,042-15-4820,216-753-0442
385559,Cobleskill,Schoharie,Cobleskill,NY,12043,Northeast,312-35-0675,212-669-4010
998903,Protection,Comanche,Protection,KS,67127,Midwest,673-48-9419,316-201-0028
929869,Linden,Montgomery,Linden,IN,47955,Midwest,619-87-7642,219-271-4639
435093,Hillsboro,Marion,Hillsboro,KS,67063,Midwest,444-27-2273,316-989-7941
858385,Saint Petersburg,Pinellas,Saint Petersburg,FL,33710,South,613-87-4596,239-497-0395
716058,Coker,Tuscaloosa,Coker,AL,35452,South,127-98-6330,205-441-1726
371501,Mesilla Park,Doña Ana,Mesilla Park,NM,88047,West,331-11-4335,505-362-2336
330900,Mesa,Maricopa,Mesa,AZ,85212,West,761-12-3026,480-921-7206
508854,Catalina,Pima,Catalina,AZ,85738,West,370-37-6034,480-842-2304
417646,Stony Run,Berks,Stony Run,PA,19557,Northeast,671-48-1191,215-782-3490
196640,Bronx,Bronx,Bronx,NY,10468,Northeast,343-11-5401,212-529-7921
732435,Dearborn,Wayne,Dearborn,MI,48128,Midwest,760-12-8451,231-317-7963
784503,Dallas,Dallas,Dallas,TX,75315,South,751-18-7335,210-778-7591
705501,Houston,Harris,Houston,TX,77037,South,622-85-5141,210-306-1297
655342,Ellenboro,Rutherford,Ellenboro,NC,28040,South,626-85-1080,252-458-5497
945089,Orlando,Orange,Orlando,FL,32828,South,114-98-0704,239-569-2440
935819,Mobile,Mobile,Mobile,AL,36611,South,296-15-7880,205-303-6606
772602,Syracuse,Onondaga,Syracuse,NY,13251,Northeast,065-02-2599,212-317-3624
890888,San Diego,San Diego,San Diego,CA,92147,West,462-99-1142,209-460-1666
927902,Petal,Forrest,Petal,MS,39465,South,671-48-7715,228-596-5361
919021,Allen Junction,Wyoming,Allen Junction,WV,25810,South,351-08-9081,304-442-2203
361407,Burlington,Alamance,Burlington,NC,27217,South,108-98-6265,252-444-1447
175904,Longville,Beauregard,Longville,LA,70652,South,707-18-9888,225-573-5527
251891,Seattle,King,Seattle,WA,98181,West,357-08-8202,206-539-3955
965500,Alton,Halifax,Alton,VA,24520,South,371-37-9379,236-643-9729
166633,Muncie,Vermilion,Muncie,IL,61857,Midwest,595-99-2121,217-344-8242
259575,Miller City,Alexander,Miller City,IL,62962,Midwest,032-92-1153,217-756-8683
836165,Beardsley,Big Stone,Beardsley,MN,56211,Midwest,764-29-6663,218-266-7947
484597,Louisville,Jefferson,Louisville,KY,40231,South,297-15-9248,270-980-7040
682475,Santa Monica,Los Angeles,Santa Monica,CA,90408,West,132-98-4429,209-296-9987
825983,San Diego,San Diego,San Diego,CA,92145,West,191-86-3300,209-697-5236
128477,Adams,Umatilla,Adams,OR,97810,West,288-15-8376,503-869-9564
744163,Sackets Harbor,Jefferson,Sackets Harbor,NY,13685,Northeast,494-29-6193,212-452-4486
383161,Daly City,San Mateo,Daly City,CA,94015,West,596-94-0733,209-306-5159
507995,Penn Valley,Nevada,Penn Valley,CA,95946,West,758-12-4224,209-706-1788
508004,Paeonian Springs,Loudoun,Paeonian Springs,VA,20129,South,341-11-4399,236-667-3533
662220,San Juan Capistrano,Orange,San Juan Capistrano,CA,92693,West,286-15-9750,209-883-4918
347957,Embudo,Rio Arriba,Embudo,NM,87531,West,361-08-6857,505-203-4732
790041,Luna Pier,Monroe,Luna Pier,MI,48157,Midwest,572-99-6352,231-821-7438
243683,Gary,Lake,Gary,IN,46406,Midwest,617-87-6575,219-802-7080
820854,Chillicothe,Livingston,Chillicothe,MO,64601,Midwest,188-86-6487,314-322-3689
219494,Erie,Erie,Erie,PA,16532,Northeast,311-35-1911,215-742-2185
355333,Burlington,Carroll,Burlington,IN,46915,Midwest,138-25-1644,219-302-3791
674758,Millbrook,Elmore,Millbrook,AL,36054,South,727-10-2524,205-741-9932
591213,Stafford,Monroe,Stafford,OH,43786,Midwest,411-99-5002,216-942-8648
606551,Mooresville,Limestone,Mooresville,AL,35649,South,086-02-3279,205-804-3493
321983,Sheridan,Chautauqua,Sheridan,NY,14135,Northeast,724-28-6586,212-336-4946
280235,Chicago,Cook,Chicago,IL,60675,Midwest,150-23-0651,217-277-4316
814062,Saint Francis,Anoka,Saint Francis,MN,55070,Midwest,104-02-0925,218-442-0150
375719,Oakland,Warren,Oakland,KY,42159,South,338-11-1632,270-294-7133
812440,Phoenix,Maricopa,Phoenix,AZ,85085,West,663-22-7201,480-534-7505
526095,State Park,Richland,State Park,SC,29147,South,523-99-5139,803-828-4957
480343,Mazon,Grundy,Mazon,IL,60444,Midwest,377-37-1916,217-447-1043
387512,Lafayette,Tippecanoe,Lafayette,IN,47901,Midwest,469-57-5919,219-941-4082
411827,Norwich,Muskingum,Norwich,OH,43767,Midwest,628-31-4040,216-732-0571
379192,Wall,Pennington,Wall,SD,57790,Midwest,349-08-0956,605-335-9083
745056,Negley,Columbiana,Negley,OH,44441,Midwest,517-49-2670,216-704-6680
343590,Sacramento,Sacramento,Sacramento,CA,94278,West,150-23-8372,209-301-7816
292943,Irene,Hill,Irene,TX,76650,South,611-87-7185,210-492-5744
821131,Albany,Albany,Albany,NY,12260,Northeast,254-99-8846,212-668-6420
274488,Ithaca,Tompkins,Ithaca,NY,14850,Northeast,274-17-9907,212-288-4914
300647,Drift,Floyd,Drift,KY,41619,South,055-02-9504,270-854-4313
563480,Hornell,Steuben,Hornell,NY,14843,Northeast,669-48-1253,212-500-7126
695502,Unionville,Appanoose,Unionville,IA,52594,Midwest,023-92-0341,319-718-9194
593435,Monroe,Snohomish,Monroe,WA,98272,West,583-99-7386,206-598-6095
628748,Boulder,Boulder,Boulder,CO,80301,West,366-39-3110,303-405-2047
391027,Los Angeles,Los Angeles,Los Angeles,CA,90056,West,172-86-0386,209-868-1319
777314,Roseville,Placer,Roseville,CA,95747,West,053-02-2747,209-502-2134
987973,Mooreton,Richland,Mooreton,ND,58061,Midwest,571-99-0891,701-257-3075
414100,Palm Coast,Flagler,Palm Coast,FL,32137,South,009-94-1263,239-384-1997
128069,Masterson,Moore,Masterson,TX,79058,South,075-02-3263,210-431-7424
953557,Cooke City,Park,Cooke City,MT,59020,West,631-31-4157,406-964-2463
741578,Rio Grande City,Starr,Rio Grande City,TX,78582,South,568-99-3239,210-515-1206
528503,Hamlet,Richmond,Hamlet,NC,28345,South,450-99-9319,252-246-7637
992542,Powell,Park,Powell,WY,82435,West,658-36-8091,307-251-7042
292646,Pittsfield,Merrimack,Pittsfield,NH,3263,Northeast,427-99-8442,603-871-9909
704563,Mc Cool Junction,York,Mc Cool Junction,NE,68401,Midwest,594-99-9279,308-544-8338
698791,Fort Lauderdale,Broward,Fort Lauderdale,FL,33321,South,377-37-0919,239-471-4947
526168,Washington,District of Columbia,Washington,DC,20578,South,754-07-7610,202-515-4277
891639,Truckee,Nevada,Truckee,CA,96160,West,236-55-0257,209-716-6700
641307,Mohall,Renville,Mohall,ND,58761,Midwest,374-37-0892,701-945-4824
354053,Big Spring,Breckinridge,Big Spring,KY,40106,South,257-99-2979,270-265-2401
719451,Cumming,Cumming,Cumming,GA,30131,South,751-18-4091,229-233-5728
390131,Cortland,Trumbull,Cortland,OH,44410,Midwest,003-08-0035,216-516-7561
355249,Clemons,Washington,Clemons,NY,12819,Northeast,066-02-1988,212-340-3516
583972,Aroma Park,Kankakee,Aroma Park,IL,60910,Midwest,062-02-0701,217-957-0976
358904,Albuquerque,Bernalillo,Albuquerque,NM,87110,West,379-37-4334,505-942-0498
706362,Oklahoma City,Oklahoma,Oklahoma City,OK,73102,South,294-15-8991,405-414-9719
147225,Marion,Plymouth,Marion,MA,2738,Northeast,282-15-3509,339-779-9764
986041,Shannon,Lee,Shannon,MS,38868,South,021-94-2564,228-702-4148
929826,Los Angeles,Los Angeles,Los Angeles,CA,90077,West,217-89-4673,209-904-0188
995551,Isola,Humphreys,Isola,MS,38754,South,052-02-4125,228-877-2901
607132,Oak Harbor,Ottawa,Oak Harbor,OH,43449,Midwest,575-99-8428,216-435-1421
290565,Okeechobee,Okeechobee,Okeechobee,FL,34973,South,617-87-5333,239-581-7895
296852,Eagle River,Vilas,Eagle River,WI,54521,Midwest,125-98-5972,262-604-8898
608230,Freeport,Armstrong,Freeport,PA,16229,Northeast,375-37-3213,215-598-9332
850042,Geneseo,Rice,Geneseo,KS,67444,Midwest,185-86-6753,316-907-8837
763441,Rosedale,Bolivar,Rosedale,MS,38769,South,343-11-9051,228-598-0694
828962,Saint Simons Island,Glynn,Saint Simons Island,GA,31522,South,040-15-8627,229-654-3233
493020,New Town,Middlesex,New Town,MA,2456,Northeast,715-18-9814,339-494-3741
530089,Mount Juliet,Wilson,Mount Juliet,TN,37121,South,325-11-0518,423-919-4865
386711,Doniphan,Ripley,Doniphan,MO,63935,Midwest,205-84-2045,314-584-3519
857807,Litchfield Park,Maricopa,Litchfield Park,AZ,85340,West,730-28-7565,480-791-2292
377190,Elliott,Lee,Elliott,SC,29046,South,416-67-8271,803-609-3353
298803,Crawfordville,Taliaferro,Crawfordville,GA,30631,South,373-37-8790,229-721-4856
372452,Chetek,Barron,Chetek,WI,54728,Midwest,706-18-5918,262-294-9848
580489,Gaithersburg,Montgomery,Gaithersburg,MD,20898,South,011-94-7243,240-275-7677
613875,Jacksonville,Athens,Jacksonville,OH,45740,Midwest,225-99-8705,216-609-7894
707888,Waverly,Wright,Waverly,MN,55390,Midwest,158-23-2669,218-285-6661
454442,Branch,Acadia,Branch,LA,70516,South,364-39-0561,225-508-5659
184562,Sulphur Springs,Henry,Sulphur Springs,IN,47388,Midwest,298-15-6651,219-293-3491
695969,Orlando,Orange,Orlando,FL,32860,South,002-11-2021,239-387-9592
445332,Burton,Genesee,Burton,MI,48529,Midwest,731-28-0283,231-910-0633
624271,Hartford,Hartford,Hartford,CT,6126,Northeast,207-84-9140,203-930-9425
861922,Baltimore,Baltimore (city),Baltimore,MD,21260,South,305-37-4310,240-557-6333
658898,Culver City,Los Angeles,Culver City,CA,90233,West,244-99-4900,209-361-3173
127075,Wentworth,Newton,Wentworth,MO,64873,Midwest,546-99-1795,314-721-9621
423011,Vichy,Maries,Vichy,MO,65580,Midwest,009-94-3108,314-292-2127
711581,Rochester,Windsor,Rochester,VT,5767,Northeast,332-11-3270,802-902-5307
927847,Tiltonsville,Jefferson,Tiltonsville,OH,43963,Midwest,577-53-4810,216-974-5863
977563,Kingsburg,Fresno,Kingsburg,CA,93631,West,033-92-4396,209-766-8980
232875,Brookline Village,Norfolk,Brookline Village,MA,2447,Northeast,575-99-7195,339-747-7238
642447,Ferndale,Whatcom,Ferndale,WA,98248,West,756-12-6115,206-791-2014
609424,Laconia,Harrison,Laconia,IN,47135,Midwest,520-61-4999,219-792-7389
176971,Hernando,Citrus,Hernando,FL,34442,South,063-02-7311,239-819-6560
124449,Mullinville,Kiowa,Mullinville,KS,67109,Midwest,694-16-4414,316-777-0737
720547,Bohannon,Mathews,Bohannon,VA,23021,South,451-99-9960,236-208-0554
449995,Whitewright,Grayson,Whitewright,TX,75491,South,207-84-9492,210-309-9978
652873,Middlesex,Johnston,Middlesex,NC,27557,South,446-27-6794,252-279-2712
703906,Winston,Broadwater,Winston,MT,59647,West,163-86-1058,406-786-1098
294025,Oxford,Talbot,Oxford,MD,21654,South,731-28-1450,240-966-7530
682902,Birmingham,Jefferson,Birmingham,AL,35293,South,432-99-8103,205-542-8356
649679,Sistersville,Tyler,Sistersville,WV,26175,South,689-24-1131,304-669-0288
626899,Orange,Orange,Orange,CA,92666,West,567-99-1704,209-204-9299
118144,Fowler,Adams,Fowler,IL,62338,Midwest,648-58-1761,217-801-2043
875693,New Market,Montgomery,New Market,IN,47965,Midwest,351-08-1420,219-634-9750
409197,Wattsburg,Erie,Wattsburg,PA,16442,Northeast,754-07-5640,215-939-4638
556895,Lynn,Essex,Lynn,MA,1902,Northeast,713-18-4206,339-686-8817
258062,Grand Rapids,Kent,Grand Rapids,MI,49501,Midwest,092-02-1602,231-275-5695
888447,Hamilton,Greenwood,Hamilton,KS,66853,Midwest,505-59-5815,316-252-3887
184520,Hebron,Oxford,Hebron,ME,4238,Northeast,237-99-7668,207-963-3617
234615,Cumming,Warren,Cumming,IA,50061,Midwest,426-99-4704,319-513-5628
880500,Skagway,Skagway-Hoonah-Angoon,Skagway,AK,99840,West,534-71-6211,907-273-2588
276557,Sieper,Rapides,Sieper,LA,71472,South,570-99-8442,225-689-2992
253914,Blount,Kanawha,Blount,WV,25025,South,041-15-1598,304-538-7573
214151,Longboat Key,Manatee,Longboat Key,FL,34228,South,561-99-2617,239-990-8209
600965,Minneapolis,Hennepin,Minneapolis,MN,55424,Midwest,510-33-0360,218-407-9321
582395,Dunfermline,Fulton,Dunfermline,IL,61524,Midwest,109-98-2237,217-263-1793
268040,Naples,Collier,Naples,FL,34101,South,693-16-3839,239-890-9360
265738,Seymour,Champaign,Seymour,IL,61875,Midwest,696-16-5643,217-646-7536
386523,San Miguel,San Luis Obispo,San Miguel,CA,93451,West,117-98-3349,209-713-5000
738090,Kansas City,Jackson,Kansas City,MO,64142,Midwest,061-02-0913,314-815-7514
597179,Silver Spring,Montgomery,Silver Spring,MD,20918,South,161-86-7833,240-766-4330
667427,Waco,McLennan,Waco,TX,76706,South,688-24-4765,210-337-7085
569695,Frenchboro,Hancock,Frenchboro,ME,4635,Northeast,285-15-4013,207-553-1223
690528,Inverness,Citrus,Inverness,FL,34453,South,515-31-3968,239-214-9885
345118,Kellogg,Shoshone,Kellogg,ID,83837,West,633-31-9054,208-641-0332
163411,Windsor,Ashtabula,Windsor,OH,44099,Midwest,656-36-9245,216-842-2835
751229,Feura Bush,Albany,Feura Bush,NY,12067,Northeast,509-33-5716,212-913-2092
804129,Columbiana,Columbiana,Columbiana,OH,44408,Midwest,665-22-1682,216-753-1132
918594,Harrisonville,Cass,Harrisonville,MO,64701,Midwest,229-99-0009,314-613-7719
366810,Clarkston,Oakland,Clarkston,MI,48346,Midwest,205-84-1629,231-967-3260
813992,Bloom City,Bloom City,Bloom City,WI,54617,Midwest,350-08-1352,262-804-4210
596960,Longview,Cowlitz,Longview,WA,98632,West,347-08-0113,206-648-5980
930076,Virginia Beach,Virginia Beach (city),Virginia Beach,VA,23464,South,523-99-5230,236-807-9342
606888,Huntington Station,Suffolk,Huntington Station,NY,11750,Northeast,726-18-2739,212-943-9337
381302,Ludlow,McKean,Ludlow,PA,16333,Northeast,199-84-8348,215-862-6677
365733,Burkes Garden,Tazewell,Burkes Garden,VA,24608,South,048-15-6101,236-942-1656
211648,Orlando,Orange,Orlando,FL,32856,South,523-99-6288,239-271-0554
998499,Norris,Madison,Norris,MT,59745,West,083-02-6684,406-623-4543
275262,Richmond,Fort Bend,Richmond,TX,77407,South,513-31-3664,210-350-1096
366361,Offutt A F B,Sarpy,Offutt A F B,NE,68113,Midwest,124-98-2271,308-203-7887
495571,Far Rockaway,Queens,Far Rockaway,NY,11693,Northeast,449-99-6780,212-979-9205
400422,Vinton,Calcasieu,Vinton,LA,70668,South,193-86-5850,225-388-4856
641760,Damascus,Faulkner,Damascus,AR,72039,South,320-11-8787,479-452-1567
216738,Philadelphia,Philadelphia,Philadelphia,PA,19185,Northeast,060-02-2023,215-824-6899
983720,Stinnett,Hutchinson,Stinnett,TX,79083,South,196-84-7337,210-529-5647
818136,Hardwick,Baldwin,Hardwick,GA,31034,South,188-86-5907,229-944-8749
186578,Middlesboro,Bell,Middlesboro,KY,40965,South,206-84-4739,270-782-4693
299513,Saint Louis,St. Louis,Saint Louis,MO,63114,Midwest,733-26-4544,314-321-3420
361480,South Dayton,Cattaraugus,South Dayton,NY,14138,Northeast,122-98-0619,212-846-2733
473266,Old Mission,Grand Traverse,Old Mission,MI,49673,Midwest,228-99-0805,231-419-7202
967064,Central City,Linn,Central City,IA,52214,Midwest,101-02-7071,319-474-9575
720426,Greenville,Muhlenberg,Greenville,KY,42345,South,641-29-9798,270-339-4674
811632,Pearland,Brazoria,Pearland,TX,77584,South,278-17-6318,210-679-5812
428584,Bonita,Morehouse,Bonita,LA,71223,South,753-07-7774,225-370-3691
961569,Totowa,Passaic,Totowa,NJ,7512,Northeast,755-07-0866,201-590-7814
488863,Millville,Worcester,Millville,MA,1529,Northeast,422-67-3534,339-443-0391
694905,Tripler Army Medical Ctr,Honolulu,Tripler Army Medical Ctr,HI,96859,West,393-33-6159,808-501-2737
768563,Mott,Hettinger,Mott,ND,58646,Midwest,124-98-2330,701-776-4191
194454,Beallsville,Montgomery,Beallsville,MD,20839,South,679-20-5738,240-317-3513
476189,Narvon,Lancaster,Narvon,PA,17555,Northeast,600-99-2279,215-328-2794
786096,Fresno,Fresno,Fresno,CA,93706,West,662-22-8896,209-538-0370
557710,Cassadaga,Chautauqua,Cassadaga,NY,14718,Northeast,081-02-3264,212-571-3908
861085,Princeton,Johnston,Princeton,NC,27569,South,034-92-0834,252-732-9010
374081,Tualatin,Washington,Tualatin,OR,97062,West,077-02-8342,503-266-2883
954614,Milnesand,Roosevelt,Milnesand,NM,88125,West,209-84-5316,505-420-1647
687789,Springfield,Hampden,Springfield,MA,1139,Northeast,297-15-7652,339-236-3620
563948,Waterman,DeKalb,Waterman,IL,60556,Midwest,522-99-9829,217-761-5099
319531,Myrtle,Oregon,Myrtle,MO,65778,Midwest,653-60-4816,314-490-8642
622824,Virginia Beach,Virginia Beach (city),Virginia Beach,VA,23455,South,116-98-3236,236-326-3847
725043,Wilkes Barre,Luzerne,Wilkes Barre,PA,18773,Northeast,714-18-5851,215-270-0632
882089,Ider,DeKalb,Ider,AL,35981,South,155-23-5932,205-238-5022
964283,Corpus Christi,Nueces,Corpus Christi,TX,78415,South,222-11-0572,210-698-7425
335484,Arlington,Arlington,Arlington,VA,22244,South,418-67-2504,236-434-3416
424085,Baldwin City,Douglas,Baldwin City,KS,66006,Midwest,026-92-6497,316-433-7015
162785,Aberdeen,Bingham,Aberdeen,ID,83210,West,023-92-6881,208-404-6474
210955,Riverton,Litchfield,Riverton,CT,6065,Northeast,355-08-5261,203-913-2552
884750,Heyburn,Minidoka,Heyburn,ID,83336,West,058-02-9999,208-848-9298
575116,Apache Junction,Pinal,Apache Junction,AZ,85119,West,216-89-1512,480-910-7339
757652,New Orleans,Orleans,New Orleans,LA,70190,South,533-71-9948,225-824-9649
838027,Pensacola,Escambia,Pensacola,FL,32534,South,227-99-4322,239-480-9841
879616,Emlyn,Whitley,Emlyn,KY,40730,South,726-18-4635,270-997-2942
517817,Greenville,Greenville,Greenville,SC,29609,South,497-29-1094,803-286-8480
480982,Alpine,Utah,Alpine,UT,84004,West,670-48-6935,385-972-8406
569298,Toledo,Lucas,Toledo,OH,43614,Midwest,419-67-3967,216-776-3911
759808,Norwalk,Fairfield,Norwalk,CT,6855,Northeast,008-94-2353,203-482-7605
321903,Kennard,Henry,Kennard,IN,47351,Midwest,340-11-8724,219-705-3637
290293,Westminster,Windham,Westminster,VT,5158,Northeast,224-99-9173,802-344-0340
143317,China Spring,McLennan,China Spring,TX,76633,South,614-87-6195,210-966-5397
809667,Dixie,Walla Walla,Dixie,WA,99329,West,471-57-1126,206-517-3491
523237,Galveston,Galveston,Galveston,TX,77555,South,237-99-6166,210-551-6462
633556,Pounding Mill,Tazewell,Pounding Mill,VA,24637,South,576-99-2529,236-589-5968
938396,Copeland,Copeland,Copeland,FL,33926,South,403-73-3784,239-503-8634
283154,Gretna,Jefferson,Gretna,LA,70054,South,614-87-5958,225-223-3715
304382,Pleasant Unity,Westmoreland,Pleasant Unity,PA,15676,Northeast,176-86-8463,215-469-3246
685306,Madison,Dane,Madison,WI,53703,Midwest,155-23-2396,262-510-4704
153156,Sylva,Jackson,Sylva,NC,28779,South,001-11-5293,252-245-6161
306626,Fillmore,Putnam,Fillmore,IN,46128,Midwest,125-98-3888,219-815-3942
341823,Harleton,Harrison,Harleton,TX,75651,South,411-99-8941,210-330-2777
471637,Pleasant Grove,Jefferson,Pleasant Grove,AL,35127,South,486-29-8702,205-232-8463
431532,Center Sandwich,Carroll,Center Sandwich,NH,3227,Northeast,268-17-0064,603-374-3018
781612,Ball,Rapides,Ball,LA,71405,South,650-62-8981,225-231-2336
542082,Kinards,Newberry,Kinards,SC,29355,South,705-18-4207,803-729-6344
550764,Raleigh,Wake,Raleigh,NC,27690,South,140-23-0905,252-508-1659
154437,Davin,Logan,Davin,WV,25617,South,417-67-3218,304-999-6743
176482,Craigsville,Nicholas,Craigsville,WV,26205,South,517-49-7337,304-736-9561
666715,Willard,Huron,Willard,OH,44890,Midwest,316-35-9147,216-288-7736
138019,Mammoth,Westmoreland,Mammoth,PA,15664,Northeast,022-92-2994,215-915-1205
842541,Cibola,La Paz,Cibola,AZ,85328,West,324-11-0659,480-653-7375
873670,Whitinsville,Worcester,Whitinsville,MA,1588,Northeast,012-94-2086,339-621-8782
290646,Boca Raton,Palm Beach,Boca Raton,FL,33429,South,281-15-1931,239-652-3243
786408,Carle Place,Nassau,Carle Place,NY,11514,Northeast,360-08-8488,212-455-6516
559051,Jamaica,Jamaica,Jamaica,NY,11410,Northeast,483-41-4070,212-694-7454
516893,Charleston,Kanawha,Charleston,WV,25389,South,615-87-8388,304-298-5662
760501,Williamsburg,Greenbrier,Williamsburg,WV,24991,South,371-37-9009,304-992-1654
511609,New Waverly,Cass,New Waverly,IN,46961,Midwest,691-18-5442,219-455-9505
868039,Farmington,Oconee,Farmington,GA,30638,South,529-99-5919,229-606-2018
469485,East Liverpool,Columbiana,East Liverpool,OH,43920,Midwest,485-41-8435,216-708-8365
264051,Pawnee Rock,Barton,Pawnee Rock,KS,67567,Midwest,633-31-0113,316-703-4256
583643,Yorba Linda,Orange,Yorba Linda,CA,92886,West,620-85-1437,209-467-4589
681669,Shenandoah,Page,Shenandoah,VA,22849,South,722-18-4452,236-697-8606
272735,Ocala,Marion,Ocala,FL,34483,South,503-45-6453,239-416-7556
677434,Grant,Montgomery,Grant,IA,50847,Midwest,607-87-3254,319-506-4841
985202,Wallace,Marlboro,Wallace,SC,29596,South,588-09-8587,803-667-8678
996307,Blanchard,Caddo,Blanchard,LA,71009,South,447-27-8697,225-899-7259
326436,Fort Bragg,Mendocino,Fort Bragg,CA,95437,West,464-99-3695,209-909-6398
412382,Dallas,Dallas,Dallas,TX,75373,South,108-98-9727,210-247-9695
536653,Nortonville,Jefferson,Nortonville,KS,66060,Midwest,343-11-8538,316-858-1190
961962,Sumner,Oxford,Sumner,ME,4292,Northeast,498-29-3465,207-771-0514
347222,French Lick,Orange,French Lick,IN,47432,Midwest,644-29-3447,219-804-0557
818991,Mabelvale,Pulaski,Mabelvale,AR,72103,South,698-16-9108,479-596-7610
798815,Fort Wayne,Allen,Fort Wayne,IN,46808,Midwest,470-57-7467,219-967-4035
396181,Watertown,Jefferson,Watertown,WI,53094,Midwest,027-92-4345,262-297-3411
715790,West Jefferson,Madison,West Jefferson,OH,43162,Midwest,227-99-6027,216-640-8193
366282,Williams,Josephine,Williams,OR,97544,West,447-27-4253,503-350-9873
420178,Lake Waccamaw,Columbus,Lake Waccamaw,NC,28450,South,098-02-1083,252-345-1630
742376,San Jose,Santa Clara,San Jose,CA,95196,West,333-11-2710,209-884-3488
490788,Springfield,Walworth,Springfield,WI,53176,Midwest,376-37-3784,262-880-9974
600534,New Bern,Craven,New Bern,NC,28560,South,682-24-6299,252-829-0275
373020,Fairfax,Marin,Fairfax,CA,94978,West,703-18-9622,209-870-0889
